order_id,expected_arrival,actual_arrival
O000001,2026-06-25 02:00:00,2026-06-25 01:58:00
O000002,2026-06-26 02:00:00,2026-06-26 02:08:00
O000003,2026-06-25 02:00:00,2026-06-25 02:14:00
O000004,2026-06-28 02:00:00,2026-06-28 02:14:00
O000005,2026-06-26 02:00:00,2026-06-26 10:33:00
O000006,2026-06-26 02:00:00,2026-06-26 02:08:00
O000007,2026-06-27 02:00:00,2026-06-27 02:14:00
O000008,2026-06-28 02:00:00,2026-06-28 02:15:00
O000009,2026-06-25 02:00:00,2026-06-25 02:20:00
O000010,2026-06-26 02:00:00,2026-06-26 12:49:00
O000011,2026-06-27 02:00:00,2026-06-27 02:01:00
O000012,2026-06-29 02:00:00,2026-06-29 01:55:00
O000013,2026-06-29 02:00:00,2026-06-29 01:57:00
O000014,2026-06-27 02:00:00,2026-06-27 02:01:00
O000015,2026-06-27 02:00:00,2026-06-27 01:59:00
O000016,2026-06-28 02:00:00,2026-06-28 02:03:00
O000017,2026-06-27 02:00:00,2026-06-27 02:10:00
O000018,2026-05-27 02:00:00,2026-05-27 02:09:00
O000019,2026-06-28 02:00:00,2026-06-28 01:59:00
O000020,2026-06-28 02:00:00,2026-06-28 01:56:00
O000021,2026-06-26 02:00:00,2026-06-26 02:13:00
O000022,2026-06-29 02:00:00,2026-06-29 02:15:00
O000023,2026-06-08 02:00:00,2026-06-08 02:04:00
O000024,2026-06-27 02:00:00,2026-06-27 02:12:00
O000025,2026-05-26 02:00:00,2026-05-26 01:59:00
O000026,2026-06-27 02:00:00,2026-06-27 02:14:00
O000027,2026-06-26 02:00:00,2026-06-26 02:06:00
O000028,2026-06-28 02:00:00,2026-06-28 02:11:00
O000029,2026-05-12 02:00:00,2026-05-12 02:16:00
O000030,2026-06-28 02:00:00,2026-06-28 02:02:00
O000031,2026-06-26 02:00:00,2026-06-26 02:12:00
O000032,2026-06-29 02:00:00,2026-06-29 02:08:00
O000033,2026-06-28 02:00:00,2026-06-28 02:01:00
O000034,2026-06-25 02:00:00,2026-06-25 02:01:00
O000035,2026-06-29 02:00:00,2026-06-29 02:05:00
O000036,2026-06-29 02:00:00,2026-06-29 02:10:00
O000037,2026-06-26 02:00:00,2026-06-26 02:09:00
O000038,2026-05-16 02:00:00,2026-05-16 02:05:00
O000039,2026-06-29 02:00:00,2026-06-29 02:13:00
O000040,2026-06-27 02:00:00,2026-06-27 02:14:00
O000041,2026-06-27 02:00:00,2026-06-27 02:05:00
O000042,2026-06-28 02:00:00,2026-06-28 02:09:00
O000043,2026-06-25 02:00:00,2026-06-25 01:56:00
O000044,2026-06-25 02:00:00,2026-06-25 01:55:00
O000045,2026-06-26 02:00:00,2026-06-26 02:17:00
O000046,2026-05-22 02:00:00,2026-05-22 02:14:00
O000047,2026-06-01 02:00:00,2026-06-01 02:10:00
O000048,2026-06-25 02:00:00,2026-06-25 02:05:00
O000049,2026-05-29 02:00:00,2026-05-29 02:07:00
O000050,2026-06-25 02:00:00,2026-06-25 02:00:00
O000051,2026-06-25 02:00:00,2026-06-25 01:55:00
O000052,2026-06-26 02:00:00,2026-06-26 01:57:00
O000053,2026-06-09 02:00:00,2026-06-09 02:12:00
O000054,2026-06-29 02:00:00,2026-06-29 02:04:00
O000055,2026-06-26 02:00:00,2026-06-26 02:15:00
O000056,2026-06-26 02:00:00,2026-06-26 02:19:00
O000057,2026-06-11 02:00:00,2026-06-11 01:55:00
O000058,2026-06-25 02:00:00,2026-06-25 02:04:00
O000059,2026-06-26 02:00:00,2026-06-26 02:03:00
O000060,2026-06-26 02:00:00,2026-06-26 02:05:00
O000061,2026-05-26 02:00:00,2026-05-26 02:02:00
O000062,2026-06-27 02:00:00,2026-06-27 01:55:00
O000063,2026-06-25 02:00:00,2026-06-25 02:03:00
O000064,2026-05-27 02:00:00,2026-05-27 01:55:00
O000065,2026-06-26 02:00:00,2026-06-26 01:59:00
O000066,2026-06-27 02:00:00,2026-06-27 02:20:00
O000067,2026-06-27 02:00:00,2026-06-27 02:05:00
O000068,2026-06-25 02:00:00,2026-06-25 02:04:00
O000069,2026-06-25 02:00:00,2026-06-25 02:06:00
O000070,2026-06-26 02:00:00,2026-06-26 02:16:00
O000071,2026-06-27 02:00:00,2026-06-27 02:11:00
O000072,2026-06-29 02:00:00,2026-06-29 02:14:00
O000073,2026-06-27 02:00:00,2026-06-27 02:17:00
O000074,2026-06-26 02:00:00,2026-06-26 06:27:00
O000075,2026-06-28 02:00:00,2026-06-28 01:59:00
O000076,2026-06-29 02:00:00,2026-06-29 02:01:00
O000077,2026-06-27 02:00:00,2026-06-27 02:17:00
O000078,2026-06-28 02:00:00,2026-06-28 02:14:00
O000079,2026-06-28 02:00:00,2026-06-28 02:15:00
O000080,2026-06-26 02:00:00,2026-06-26 01:56:00
O000081,2026-06-25 02:00:00,2026-06-25 02:13:00
O000082,2026-06-29 02:00:00,2026-06-29 02:12:00
O000083,2026-06-26 02:00:00,2026-06-26 01:59:00
O000084,2026-06-26 02:00:00,2026-06-26 01:56:00
O000085,2026-06-27 02:00:00,2026-06-27 02:03:00
O000086,2026-06-29 02:00:00,2026-06-29 02:11:00
O000087,2026-06-29 02:00:00,2026-06-29 02:10:00
O000088,2026-06-07 02:00:00,2026-06-07 01:57:00
O000089,2026-06-25 02:00:00,2026-06-25 02:20:00
O000090,2026-05-04 02:00:00,2026-05-04 01:57:00
O000091,2026-06-27 02:00:00,2026-06-27 02:07:00
O000092,2026-06-25 02:00:00,2026-06-25 02:15:00
O000093,2026-06-25 02:00:00,2026-06-25 02:06:00
O000094,2026-06-29 02:00:00,2026-06-29 02:09:00
O000095,2026-06-28 02:00:00,2026-06-28 02:17:00
O000096,2026-06-27 02:00:00,2026-06-27 02:17:00
O000097,2026-06-27 02:00:00,2026-06-27 02:10:00
O000099,2026-06-25 02:00:00,2026-06-25 02:13:00
O000100,2026-06-26 02:00:00,2026-06-26 02:20:00
O000101,2026-06-27 02:00:00,2026-06-27 01:56:00
O000102,2026-06-27 02:00:00,2026-06-27 02:01:00
O000103,2026-06-28 02:00:00,2026-06-28 02:02:00
O000104,2026-06-26 02:00:00,2026-06-26 02:04:00
O000105,2026-06-25 02:00:00,2026-06-25 02:07:00
O000106,2026-06-27 02:00:00,2026-06-27 02:06:00
O000107,2026-06-27 02:00:00,2026-06-27 01:57:00
O000108,2026-06-29 02:00:00,2026-06-29 01:57:00
O000109,2026-06-28 02:00:00,2026-06-28 02:11:00
O000110,2026-06-28 02:00:00,2026-06-28 02:13:00
O000111,2026-06-25 02:00:00,2026-06-25 12:44:00
O000112,2026-06-25 02:00:00,2026-06-25 02:08:00
O000113,2026-06-28 02:00:00,2026-06-28 02:08:00
O000114,2026-06-26 02:00:00,2026-06-26 02:20:00
O000115,2026-06-28 02:00:00,2026-06-28 02:03:00
O000116,2026-06-29 02:00:00,2026-06-29 02:00:00
O000117,2026-05-17 02:00:00,2026-05-17 02:03:00
O000118,2026-06-28 02:00:00,2026-06-28 02:06:00
O000119,2026-06-26 02:00:00,2026-06-26 02:04:00
O000120,2026-06-26 02:00:00,2026-06-26 02:11:00
O000121,2026-06-10 02:00:00,2026-06-10 01:57:00
O000122,2026-06-28 02:00:00,2026-06-28 02:02:00
O000123,2026-05-15 02:00:00,2026-05-15 05:13:00
O000124,2026-06-27 02:00:00,2026-06-27 02:12:00
O000125,2026-06-25 02:00:00,2026-06-25 02:01:00
O000126,2026-06-29 02:00:00,2026-06-29 02:03:00
O000128,2026-06-27 02:00:00,2026-06-27 02:19:00
O000129,2026-06-14 02:00:00,2026-06-14 02:03:00
O000130,2026-06-29 02:00:00,2026-06-29 02:14:00
O000131,2026-06-25 02:00:00,2026-06-25 02:19:00
O000132,2026-06-29 02:00:00,2026-06-29 02:12:00
O000133,2026-06-25 02:00:00,2026-06-25 01:55:00
O000135,2026-06-27 02:00:00,2026-06-27 02:04:00
O000136,2026-06-26 02:00:00,2026-06-26 02:20:00
O000137,2026-06-27 02:00:00,2026-06-27 02:07:00
O000138,2026-06-26 02:00:00,2026-06-26 02:19:00
O000139,2026-06-28 02:00:00,2026-06-28 02:10:00
O000140,2026-06-25 02:00:00,2026-06-25 02:19:00
O000141,2026-06-28 02:00:00,2026-06-28 02:07:00
O000142,2026-06-25 02:00:00,2026-06-25 02:18:00
O000143,2026-06-27 02:00:00,2026-06-27 02:10:00
O000144,2026-06-28 02:00:00,2026-06-28 02:13:00
O000145,2026-06-28 02:00:00,2026-06-28 02:19:00
O000146,2026-06-27 02:00:00,2026-06-27 02:09:00
O000147,2026-06-29 02:00:00,2026-06-29 01:57:00
O000148,2026-06-27 02:00:00,2026-06-27 02:01:00
O000149,2026-06-26 02:00:00,2026-06-26 02:17:00
O000150,2026-06-25 02:00:00,2026-06-25 02:09:00
O000151,2026-06-26 02:00:00,2026-06-26 02:12:00
O000152,2026-06-28 02:00:00,2026-06-28 06:22:00
O000153,2026-06-29 02:00:00,2026-06-29 01:59:00
O000154,2026-06-26 02:00:00,2026-06-26 02:18:00
O000155,2026-06-25 02:00:00,2026-06-25 10:03:00
O000156,2026-06-27 02:00:00,2026-06-27 02:08:00
O000157,2026-06-26 02:00:00,2026-06-26 02:19:00
O000158,2026-06-29 02:00:00,2026-06-29 02:19:00
O000158,2026-06-29 02:00:00,2026-06-29 02:04:00
O000160,2026-06-28 02:00:00,2026-06-28 01:55:00
O000161,2026-06-29 02:00:00,2026-06-29 01:56:00
O000162,2026-05-03 02:00:00,2026-05-03 01:59:00
O000163,2026-06-29 02:00:00,2026-06-29 02:05:00
O000164,2026-06-01 02:00:00,2026-06-01 02:20:00
O000165,2026-06-01 02:00:00,2026-06-01 02:14:00
O000166,2026-06-27 02:00:00,2026-06-27 02:07:00
O000167,2026-06-29 02:00:00,2026-06-29 02:01:00
O000168,2026-06-27 02:00:00,2026-06-27 01:57:00
O000169,2026-06-26 02:00:00,2026-06-26 02:01:00
O000170,2026-05-16 02:00:00,2026-05-16 02:05:00
O000171,2026-06-28 02:00:00,2026-06-28 02:09:00
O000172,2026-06-29 02:00:00,2026-06-29 02:04:00
O000173,2026-06-29 02:00:00,2026-06-29 05:46:00
O000174,2026-06-27 02:00:00,2026-06-27 02:00:00
O000175,2026-06-26 02:00:00,2026-06-26 12:20:00
O000176,2026-06-28 02:00:00,2026-06-28 07:23:00
O000177,2026-06-26 02:00:00,2026-06-26 10:35:00
O000178,2026-06-27 02:00:00,2026-06-27 02:02:00
O000179,2026-06-28 02:00:00,2026-06-28 02:11:00
O000180,2026-06-25 02:00:00,2026-06-25 04:58:00
O000181,2026-05-28 02:00:00,2026-05-28 01:55:00
O000182,2026-06-28 02:00:00,2026-06-28 02:08:00
O000183,2026-06-25 02:00:00,2026-06-25 01:58:00
O000185,2026-06-26 02:00:00,2026-06-26 02:08:00
O000186,2026-06-25 02:00:00,2026-06-25 01:57:00
O000187,2026-06-25 02:00:00,2026-06-25 02:01:00
O000188,2026-06-01 02:00:00,2026-06-01 02:01:00
O000189,2026-06-26 02:00:00,2026-06-26 02:17:00
O000190,2026-06-29 02:00:00,2026-06-29 02:00:00
O000191,2026-06-28 02:00:00,2026-06-28 02:04:00
O000191,2026-05-03 02:00:00,2026-05-03 02:11:00
O000193,2026-06-26 02:00:00,2026-06-26 02:09:00
O000194,2026-06-25 02:00:00,2026-06-25 01:55:00
O000195,2026-04-30 02:00:00,2026-04-30 02:09:00
O000196,2026-06-26 02:00:00,2026-06-26 10:48:00
O000197,2026-06-25 02:00:00,2026-06-25 02:02:00
O000198,2026-06-27 02:00:00,2026-06-27 02:13:00
O000199,2026-06-28 02:00:00,2026-06-28 02:09:00
O000200,2026-06-26 02:00:00,2026-06-26 01:56:00
O000201,2026-06-28 02:00:00,2026-06-28 02:04:00
O000202,2026-06-27 02:00:00,2026-06-27 02:09:00
O000203,2026-06-27 02:00:00,2026-06-27 02:17:00
O000204,2026-05-02 02:00:00,2026-05-02 02:07:00
O000205,2026-06-26 02:00:00,2026-06-26 02:20:00
O000206,2026-06-29 02:00:00,2026-06-29 02:08:00
O000207,2026-06-25 02:00:00,2026-06-25 02:14:00
O000208,2026-06-28 02:00:00,2026-06-28 02:09:00
O000209,2026-06-28 02:00:00,2026-06-28 02:16:00
O000210,2026-05-05 02:00:00,2026-05-05 02:13:00
O000211,2026-06-25 02:00:00,2026-06-25 04:44:00
O000212,2026-06-25 02:00:00,2026-06-25 02:00:00
O000213,2026-05-25 02:00:00,2026-05-25 02:15:00
O000214,2026-06-27 02:00:00,2026-06-27 02:16:00
O000215,2026-06-28 02:00:00,2026-06-28 02:17:00
O000216,2026-06-29 02:00:00,2026-06-29 02:01:00
O000217,2026-06-28 02:00:00,2026-06-28 02:08:00
O000218,2026-06-27 02:00:00,2026-06-27 02:12:00
O000219,2026-06-29 02:00:00,2026-06-29 02:06:00
O000220,2026-06-29 02:00:00,2026-06-29 05:47:00
O000221,2026-06-26 02:00:00,2026-06-26 02:19:00
O000222,2026-06-25 02:00:00,2026-06-25 02:09:00
O000223,2026-06-25 02:00:00,2026-06-25 02:01:00
O000224,2026-06-28 02:00:00,2026-06-28 02:09:00
O000225,2026-05-31 02:00:00,2026-05-31 11:52:00
O000226,2026-06-26 02:00:00,2026-06-26 02:18:00
O000227,2026-06-26 02:00:00,2026-06-26 02:01:00
O000228,2026-06-25 02:00:00,2026-06-25 01:55:00
O000229,2026-06-29 02:00:00,2026-06-29 02:17:00
O000230,2026-05-18 02:00:00,2026-05-18 02:05:00
O000231,2026-06-26 02:00:00,2026-06-26 02:09:00
O000232,2026-06-27 02:00:00,2026-06-27 01:57:00
O000233,2026-06-27 02:00:00,2026-06-27 08:08:00
O000234,2026-06-28 02:00:00,2026-06-28 02:09:00
O000235,2026-06-25 02:00:00,2026-06-25 02:03:00
O000236,2026-05-29 02:00:00,2026-05-29 02:00:00
O000237,2026-06-27 02:00:00,2026-06-27 02:14:00
O000237,2026-06-28 02:00:00,2026-06-28 02:04:00
O000239,2026-06-25 02:00:00,2026-06-25 02:18:00
O000240,2026-06-29 02:00:00,2026-06-29 01:57:00
O000241,2026-06-29 02:00:00,2026-06-29 01:55:00
O000242,2026-06-25 02:00:00,2026-06-25 01:59:00
O000243,2026-05-02 02:00:00,2026-05-02 02:00:00
O000244,2026-06-27 02:00:00,2026-06-27 01:56:00
O000245,2026-06-25 02:00:00,2026-06-25 02:12:00
O000246,2026-06-27 02:00:00,2026-06-27 02:17:00
O000247,2026-06-25 02:00:00,2026-06-25 12:55:00
O000248,2026-06-29 02:00:00,2026-06-29 02:17:00
O000249,2026-06-27 02:00:00,2026-06-27 01:58:00
O000250,2026-06-27 02:00:00,2026-06-27 02:04:00
O000251,2026-06-29 02:00:00,2026-06-29 02:14:00
O000252,2026-06-27 02:00:00,2026-06-27 10:26:00
O000253,2026-06-28 02:00:00,2026-06-28 02:02:00
O000254,2026-06-28 02:00:00,2026-06-28 02:02:00
O000255,2026-06-27 02:00:00,2026-06-27 01:55:00
O000256,2026-06-26 02:00:00,2026-06-26 01:55:00
O000257,2026-06-27 02:00:00,2026-06-27 02:01:00
O000258,2026-06-28 02:00:00,2026-06-28 01:57:00
O000259,2026-06-26 02:00:00,2026-06-26 01:58:00
O000260,2026-06-28 02:00:00,2026-06-28 02:16:00
O000261,2026-06-29 02:00:00,2026-06-29 02:00:00
O000262,2026-06-25 02:00:00,2026-06-25 12:44:00
O000263,2026-06-29 02:00:00,2026-06-29 02:05:00
O000264,2026-06-26 02:00:00,2026-06-26 02:15:00
O000265,2026-06-29 02:00:00,2026-06-29 02:01:00
O000266,2026-06-09 02:00:00,2026-06-09 02:07:00
O000267,2026-06-25 02:00:00,2026-06-25 01:58:00
O000268,2026-06-28 02:00:00,2026-06-28 01:58:00
O000269,2026-06-09 02:00:00,2026-06-09 02:00:00
O000271,2026-06-27 02:00:00,2026-06-27 09:23:00
O000272,2026-06-27 02:00:00,2026-06-27 07:37:00
O000273,2026-06-28 02:00:00,2026-06-28 01:57:00
O000274,2026-06-29 02:00:00,2026-06-29 02:03:00
O000275,2026-06-25 02:00:00,2026-06-25 02:06:00
O000276,2026-06-26 02:00:00,2026-06-26 07:43:00
O000277,2026-06-26 02:00:00,2026-06-26 02:19:00
O000278,2026-06-26 02:00:00,2026-06-26 01:58:00
O000279,2026-06-25 02:00:00,2026-06-25 02:20:00
O000280,2026-06-29 02:00:00,2026-06-29 02:13:00
O000281,2026-06-29 02:00:00,2026-06-29 01:58:00
O000282,2026-06-27 02:00:00,2026-06-27 02:15:00
O000283,2026-06-27 02:00:00,2026-06-27 02:16:00
O000284,2026-06-29 02:00:00,2026-06-29 02:19:00
O000285,2026-06-25 02:00:00,2026-06-25 02:05:00
O000286,2026-06-27 02:00:00,2026-06-27 02:19:00
O000286,2026-06-26 02:00:00,2026-06-26 02:05:00
O000288,2026-06-28 02:00:00,2026-06-28 02:16:00
O000289,2026-06-27 02:00:00,2026-06-27 02:05:00
O000290,2026-06-09 02:00:00,2026-06-09 13:59:00
O000291,2026-06-29 02:00:00,2026-06-29 02:11:00
O000292,2026-05-16 02:00:00,2026-05-16 02:02:00
O000293,2026-06-27 02:00:00,2026-06-27 02:17:00
O000294,2026-06-25 02:00:00,2026-06-25 02:02:00
O000295,2026-06-28 02:00:00,2026-06-28 06:07:00
O000296,2026-06-29 02:00:00,2026-06-29 02:18:00
O000297,2026-06-25 02:00:00,2026-06-25 02:02:00
O000298,2026-06-29 02:00:00,2026-06-29 01:56:00
O000299,2026-06-06 02:00:00,2026-06-06 02:10:00
O000300,2026-06-29 02:00:00,2026-06-29 01:59:00
O000301,2026-05-06 02:00:00,2026-05-06 02:15:00
O000302,2026-06-28 02:00:00,2026-06-28 11:34:00
O000303,2026-06-28 02:00:00,2026-06-28 02:05:00
O000304,2026-06-28 02:00:00,2026-06-28 02:05:00
O000305,2026-06-28 02:00:00,2026-06-28 02:19:00
O000306,2026-06-25 02:00:00,2026-06-25 11:04:00
O000307,2026-06-29 02:00:00,2026-06-29 02:04:00
O000308,2026-06-25 02:00:00,2026-06-25 02:02:00
O000309,2026-06-26 02:00:00,2026-06-26 02:05:00
O000310,2026-06-28 02:00:00,2026-06-28 02:01:00
O000311,2026-06-29 02:00:00,2026-06-29 02:16:00
O000312,2026-06-29 02:00:00,2026-06-29 02:20:00
O000313,2026-06-29 02:00:00,2026-06-29 02:18:00
O000314,2026-06-28 02:00:00,2026-06-28 02:07:00
O000315,2026-06-27 02:00:00,2026-06-27 02:00:00
O000316,2026-06-26 02:00:00,2026-06-26 01:55:00
O000317,2026-06-25 02:00:00,2026-06-25 12:23:00
O000318,2026-06-25 02:00:00,2026-06-25 07:17:00
O000319,2026-06-28 02:00:00,2026-06-28 06:24:00
O000320,2026-06-28 02:00:00,2026-06-28 01:59:00
O000321,2026-06-25 02:00:00,2026-06-25 13:22:00
O000322,2026-06-26 02:00:00,2026-06-26 02:01:00
O000323,2026-06-25 02:00:00,2026-06-25 01:57:00
O000324,2026-06-29 02:00:00,2026-06-29 02:09:00
O000325,2026-06-26 02:00:00,2026-06-26 02:18:00
O000326,2026-06-25 02:00:00,2026-06-25 02:08:00
O000327,2026-06-28 02:00:00,2026-06-28 02:02:00
O000328,2026-06-27 02:00:00,2026-06-27 02:13:00
O000329,2026-06-28 02:00:00,2026-06-28 02:15:00
O000330,2026-05-10 02:00:00,2026-05-10 02:20:00
O000331,2026-06-29 02:00:00,2026-06-29 02:06:00
O000332,2026-06-26 02:00:00,2026-06-26 02:00:00
O000333,2026-06-25 02:00:00,2026-06-25 02:08:00
O000334,2026-06-26 02:00:00,2026-06-26 02:18:00
O000335,2026-05-23 02:00:00,2026-05-23 01:59:00
O000336,2026-06-03 02:00:00,2026-06-03 02:20:00
O000337,2026-06-26 02:00:00,2026-06-26 02:19:00
O000338,2026-06-29 02:00:00,2026-06-29 01:57:00
O000339,2026-05-30 02:00:00,2026-05-30 02:04:00
O000340,2026-06-26 02:00:00,2026-06-26 01:59:00
O000341,2026-06-27 02:00:00,2026-06-27 02:00:00
O000342,2026-06-28 02:00:00,2026-06-28 02:09:00
O000343,2026-06-27 02:00:00,2026-06-27 02:04:00
O000344,2026-05-18 02:00:00,2026-05-18 02:14:00
O000345,2026-06-26 02:00:00,2026-06-26 02:05:00
O000346,2026-06-27 02:00:00,2026-06-27 02:10:00
O000347,2026-06-28 02:00:00,2026-06-28 02:01:00
O000348,2026-06-29 02:00:00,2026-06-29 12:32:00
O000349,2026-06-29 02:00:00,2026-06-29 02:06:00
O000350,2026-06-29 02:00:00,2026-06-29 02:08:00
O000351,2026-06-27 02:00:00,2026-06-27 02:18:00
O000352,2026-06-25 02:00:00,2026-06-25 02:10:00
O000353,2026-06-28 02:00:00,2026-06-28 02:13:00
O000354,2026-06-26 02:00:00,2026-06-26 04:39:00
O000355,2026-06-28 02:00:00,2026-06-28 01:58:00
O000356,2026-06-25 02:00:00,2026-06-25 02:13:00
O000357,2026-05-05 02:00:00,2026-05-05 02:19:00
O000358,2026-06-28 02:00:00,2026-06-28 02:03:00
O000359,2026-05-14 02:00:00,2026-05-14 02:19:00
O000360,2026-06-27 02:00:00,2026-06-27 02:11:00
O000361,2026-06-26 02:00:00,2026-06-26 02:15:00
O000362,2026-06-25 02:00:00,2026-06-25 02:17:00
O000363,2026-05-11 02:00:00,2026-05-11 10:34:00
O000364,2026-06-25 02:00:00,2026-06-25 02:18:00
O000365,2026-06-27 02:00:00,2026-06-27 02:10:00
O000366,2026-06-28 02:00:00,2026-06-28 10:10:00
O000367,2026-06-11 02:00:00,2026-06-11 02:16:00
O000368,2026-06-28 02:00:00,2026-06-28 06:31:00
O000369,2026-06-26 02:00:00,2026-06-26 02:09:00
O000370,2026-06-26 02:00:00,2026-06-26 01:59:00
O000371,2026-06-26 02:00:00,2026-06-26 02:14:00
O000372,2026-06-28 02:00:00,2026-06-28 02:16:00
O000373,2026-06-11 02:00:00,2026-06-11 01:55:00
O000374,2026-06-29 02:00:00,2026-06-29 01:57:00
O000375,2026-06-26 02:00:00,2026-06-26 02:07:00
O000376,2026-06-28 02:00:00,2026-06-28 02:13:00
O000377,2026-06-25 02:00:00,2026-06-25 01:57:00
O000378,2026-06-28 02:00:00,2026-06-28 02:01:00
O000379,2026-06-29 02:00:00,2026-06-29 02:00:00
O000380,2026-06-28 02:00:00,2026-06-28 02:03:00
O000381,2026-06-29 02:00:00,2026-06-29 02:11:00
O000382,2026-06-29 02:00:00,2026-06-29 02:16:00
O000383,2026-06-27 02:00:00,2026-06-27 02:13:00
O000384,2026-06-28 02:00:00,2026-06-28 02:08:00
O000385,2026-06-26 02:00:00,2026-06-26 02:18:00
O000386,2026-05-15 02:00:00,2026-05-15 01:58:00
O000387,2026-06-29 02:00:00,2026-06-29 02:19:00
O000388,2026-06-26 02:00:00,2026-06-26 01:59:00
O000389,2026-06-25 02:00:00,2026-06-25 02:01:00
O000390,2026-04-30 02:00:00,2026-04-30 02:07:00
O000391,2026-06-26 02:00:00,2026-06-26 01:55:00
O000392,2026-06-29 02:00:00,2026-06-29 02:10:00
O000393,2026-06-29 02:00:00,2026-06-29 05:11:00
O000394,2026-06-27 02:00:00,2026-06-27 02:08:00
O000395,2026-06-28 02:00:00,2026-06-28 02:15:00
O000396,2026-06-28 02:00:00,2026-06-28 02:08:00
O000397,2026-06-25 02:00:00,2026-06-25 02:06:00
O000398,2026-06-25 02:00:00,2026-06-25 01:59:00
O000399,2026-06-26 02:00:00,2026-06-26 02:00:00
O000400,2026-06-26 02:00:00,2026-06-26 01:58:00
O000401,2026-06-25 02:00:00,2026-06-25 02:01:00
O000402,2026-06-27 02:00:00,2026-06-27 01:56:00
O000403,2026-06-28 02:00:00,2026-06-28 02:20:00
O000405,2026-06-26 02:00:00,2026-06-26 02:03:00
O000406,2026-06-26 02:00:00,2026-06-26 02:08:00
O000407,2026-06-27 02:00:00,2026-06-27 02:14:00
O000408,2026-06-28 02:00:00,2026-06-28 02:15:00
O000409,2026-06-29 02:00:00,2026-06-29 02:04:00
O000410,2026-06-28 02:00:00,2026-06-28 06:07:00
O000411,2026-06-27 02:00:00,2026-06-27 02:05:00
O000412,2026-06-28 02:00:00,2026-06-28 08:00:00
O000413,2026-06-29 02:00:00,2026-06-29 02:16:00
O000414,2026-06-27 02:00:00,2026-06-27 01:55:00
O000415,2026-06-26 02:00:00,2026-06-26 04:07:00
O000416,2026-06-29 02:00:00,2026-06-29 02:20:00
O000417,2026-06-25 02:00:00,2026-06-25 01:58:00
O000418,2026-06-28 02:00:00,2026-06-28 02:20:00
O000419,2026-06-25 02:00:00,2026-06-25 12:52:00
O000420,2026-06-26 02:00:00,2026-06-26 02:19:00
O000421,2026-06-25 02:00:00,2026-06-25 02:10:00
O000422,2026-06-27 02:00:00,2026-06-27 02:05:00
O000423,2026-06-28 02:00:00,2026-06-28 02:05:00
O000424,2026-06-26 02:00:00,2026-06-26 02:05:00
O000425,2026-06-27 02:00:00,2026-06-27 02:02:00
O000426,2026-05-08 02:00:00,2026-05-08 02:16:00
O000427,2026-06-26 02:00:00,2026-06-26 02:14:00
O000428,2026-06-25 02:00:00,2026-06-25 10:04:00
O000429,2026-06-29 02:00:00,2026-06-29 02:20:00
O000430,2026-06-25 02:00:00,2026-06-25 02:09:00
O000431,2026-06-29 02:00:00,2026-06-29 02:07:00
O000432,2026-06-29 02:00:00,2026-06-29 01:59:00
O000433,2026-06-26 02:00:00,2026-06-26 06:05:00
O000434,2026-06-25 02:00:00,2026-06-25 02:03:00
O000435,2026-05-03 02:00:00,2026-05-03 02:19:00
O000436,2026-06-27 02:00:00,2026-06-27 02:06:00
O000437,2026-06-26 02:00:00,2026-06-26 02:16:00
O000438,2026-06-29 02:00:00,2026-06-29 02:10:00
O000439,2026-06-28 02:00:00,2026-06-28 02:16:00
O000440,2026-06-26 02:00:00,2026-06-26 02:15:00
O000441,2026-06-26 02:00:00,2026-06-26 02:05:00
O000442,2026-06-28 02:00:00,2026-06-28 10:08:00
O000443,2026-06-28 02:00:00,2026-06-28 02:20:00
O000444,2026-06-26 02:00:00,2026-06-26 02:16:00
O000445,2026-06-29 02:00:00,2026-06-29 02:14:00
O000446,2026-06-27 02:00:00,2026-06-27 02:18:00
O000447,2026-06-27 02:00:00,2026-06-27 01:57:00
O000448,2026-06-26 02:00:00,2026-06-26 02:10:00
O000449,2026-06-27 02:00:00,2026-06-27 02:17:00
O000450,2026-05-24 02:00:00,2026-05-24 02:18:00
O000451,2026-06-25 02:00:00,2026-06-25 02:14:00
O000452,2026-06-29 02:00:00,2026-06-29 01:59:00
O000453,2026-06-29 02:00:00,2026-06-29 02:13:00
O000454,2026-06-26 02:00:00,2026-06-26 02:17:00
O000455,2026-06-25 02:00:00,2026-06-25 01:59:00
O000456,2026-06-12 02:00:00,2026-06-12 01:57:00
O000457,2026-06-26 02:00:00,2026-06-26 02:16:00
O000458,2026-05-07 02:00:00,2026-05-07 02:09:00
O000459,2026-06-25 02:00:00,2026-06-25 02:09:00
O000460,2026-06-28 02:00:00,2026-06-28 02:10:00
O000461,2026-06-29 02:00:00,2026-06-29 02:02:00
O000462,2026-06-27 02:00:00,2026-06-27 02:00:00
O000463,2026-06-29 02:00:00,2026-06-29 02:16:00
O000464,2026-06-26 02:00:00,2026-06-26 01:58:00
O000465,2026-06-26 02:00:00,2026-06-26 02:17:00
O000466,2026-06-10 02:00:00,2026-06-10 09:34:00
O000467,2026-06-29 02:00:00,2026-06-29 02:19:00
O000468,2026-06-27 02:00:00,2026-06-27 02:18:00
O000469,2026-05-15 02:00:00,2026-05-15 02:10:00
O000470,2026-06-26 02:00:00,2026-06-26 02:16:00
O000471,2026-06-12 02:00:00,2026-06-12 01:59:00
O000472,2026-06-27 02:00:00,2026-06-27 02:15:00
O000473,2026-06-27 02:00:00,2026-06-27 01:57:00
O000474,2026-05-11 02:00:00,2026-05-11 02:05:00
O000475,2026-06-27 02:00:00,2026-06-27 02:13:00
O000476,2026-06-28 02:00:00,2026-06-28 02:14:00
O000477,2026-06-28 02:00:00,2026-06-28 09:51:00
O000478,2026-06-26 02:00:00,2026-06-26 02:17:00
O000479,2026-06-29 02:00:00,2026-06-29 02:18:00
O000480,2026-06-29 02:00:00,2026-06-29 02:15:00
O000481,2026-06-25 02:00:00,2026-06-25 02:08:00
O000482,2026-06-26 02:00:00,2026-06-26 02:02:00
O000483,2026-06-29 02:00:00,2026-06-29 02:04:00
O000484,2026-06-29 02:00:00,2026-06-29 05:31:00
O000485,2026-06-28 02:00:00,2026-06-28 02:13:00
O000486,2026-06-26 02:00:00,2026-06-26 02:18:00
O000487,2026-06-26 02:00:00,2026-06-26 02:13:00
O000488,2026-06-28 02:00:00,2026-06-28 02:05:00
O000489,2026-06-28 02:00:00,2026-06-28 02:13:00
O000490,2026-05-01 02:00:00,2026-05-01 02:04:00
O000491,2026-06-28 02:00:00,2026-06-28 13:08:00
O000493,2026-06-29 02:00:00,2026-06-29 02:07:00
O000494,2026-06-27 02:00:00,2026-06-27 02:05:00
O000495,2026-06-25 02:00:00,2026-06-25 02:20:00
O000496,2026-06-25 02:00:00,2026-06-25 02:20:00
O000497,2026-06-28 02:00:00,2026-06-28 02:16:00
O000498,2026-06-28 02:00:00,2026-06-28 02:02:00
O000499,2026-06-29 02:00:00,2026-06-29 01:55:00
O000500,2026-06-29 02:00:00,2026-06-29 02:09:00
